"Station Name","OSI/NI No","Eastings","Northings","Height","FB Sort","FB No","Date built","Ord","DR","Grid Ref","Notes"
"Lackagh","OSI",193100,332100,449,,0004,"OSI","U",".026 .126","G 931 321",
"Hill of Ushnagh","OSI",229100,248940,182,,0006,"OSI","U",".048","N 291 489",
"Loughan Leigh","P20 OSI",272186,295983,339,,0007,"OSI",1,".035","N 721 959",
"Howth Head","P29 OSI",328546,237617,171,,0009,"OSI",1,".150","O 285 376",
"Kippure New","P35 OSI",311581,215440,757,,0010,"OSI",1,".156","O 115 154",
"Tara Hill","P? OSI",320534,162330,305,,0012,"OSI",1,".162","T 205 623",
"Forth Mountain","P52 OSI",298084,119200,289,,0013,"OSI",1,".177","S 980 192",
"Dunloy","OSNI",300620.953,418392.408,"H",,2056,"OSNI",2,".008","D 006 183","R  H"
"Carnmore New","P13 OSNI",247377.831,335807.641,305,,2057,"tbc",1,".027 .128","H 473 358",
"Cairngaver","OSNI",345420,376550,217,,2058,"tbc",2,".015","J 454 765",
"Braniel Hill","OSNI",339070,371460,178,,2059,"tbc",3,".015","J 390 714",
"Ouley","OSNI",338260,362690,181,,2060,"tbc",2,".020","J 382 626","X1"
"Tullyard","OSNI",331630,363250,161,,2061,"tbc",3,".020","J 316 632",
"Magheraknock Fort","OSNI",334430,355920,145,,2062,"tbc",3,".020","J 344 559",
"Clogher","OSNI",229550,340500,"H",,2063,"tbc",3,".018","H 295 405","H"
"Garvaghy","OSNI",320807.892,347768.696,200,,2064,"tbc",2,".020","J 208 477",
"Vicars Carn","OSNI",291400,339740,248,,2065,"tbc",3,".028 .128","H 914 397",
"Tully","OSNI",300950,402840,199,,2066,"tbc",3,".008","D 009 028",
"Crew Hill","OSNI",318170,370280,191,,2067,"tbc",3,".014","J 181 702",
"Collin Mountain","OSNI",326110,370560,328,,2068,"tbc",3,".015","J 261 705",
"Carn Hill","OSNI",334660,389110,312,,2069,"tbc",3,".015","J 346 891",
"Morris Hill","OSNI",304460,388660,103,,2070,"tbc",2,".014","J 044 886",
"Browndod","OSNI",320640,392230,262,,2071,"tbc",3,".014","J 206 922",
"Slemish","OSNI",322160,405400,438,,2072,"tbc",2,".009","D 221 054","X"
"Knocklayd ","P02 OSNI",311517.853,436392.085,514,,2074,"tbc",1,".005","D 115 363",
"Slieve Croob","OSNI",331850,345370,534,,2075,"tbc",2,".020","J 318 453",
"Cuilcagh","P12 OSNI",212352.287,328008.448,666,,2076,"tbc",1,".026 .126 .127","H 123 280",
"Crockinagoe","P07 OSNI",212474.612,372398.92,352,,2077,"tbc",1,".012","H 124 723",
"Slieve Snaght","P01 OSNI",242444.23,439017.225,615,,2078,"tbc",1,".103","C 424 390","E"
"Knockore","OSNI",327596,422614,359,,2079,"tbc",2,".009","D 275 226",
"Sawel","P04 OSNI",261793.336,397299.493,678,,2080,"tbc",1,".013","H 617 972",
"Ballywhite","OSNI",358160,352780,"H",,2081,"tbc",3,".021","J 581 527","H"
"Tara Fort","OSNI",362680,348490,50,,2082,"tbc",2,".021","J 626 484",
"Windmill Hill","OSNI",364140,362690,44,,2083,"tbc",2,".021","J 641 626",
"Castlemahon","OSNI",355560,347240,120,,2084,"tbc",2,".021","J 555 472",
"Scollogs","OSNI",347180,337970,76,,2085,"tbc",2,".021","J 471 379",
"Farranfad","OSNI",341880,341760,43,,2086,"tbc",2,".021","J 418 417",
"Craigs Rocks","OSNI",347540,349510,81,,2087,"tbc",3,".021","J 475 495",
"Ballykeel Fort","OSNI",326370,353260,155,,2088,"tbc",3,".020","J 263 532",
"Forkhill ","OSNI",302380,315350,317,,2090,"tbc",3,".029 .136","J 023 153","X"
"Carran","OSNI",291230,316690,160,,2091,"tbc",3,".028 .128","H 912 166",
"Fort Hill","OSNI",320330,356500,150,,2092,"tbc",3,".020","J 203 565",
"Ballyboghilbo","OSNI",359455,368200,"H",,2093,"tbc",3,".015 .021","J 594 682","X  H"
"Muldersleigh","OSNI",347950,393800,131,,2094,"tbc",2,".015","J 479 938",
"Killead","OSNI",317280,379750,121,,2095,"tbc",3,".014","J 172 797",
"Annacloghmullin","OSNI",298800,324800,290,,2096,"tbc",3,".028","H 988 248",
"Lissummon","OSNI",304460,334560,195,,3001,"OSNI",2,".029","J 044 345",
"Carrigatuke","P14 OSNI",290343.468,332086.811,365,,3002,"OSNI",1,".028 .128","H 903 320",
"Ballynafoy","OSNI",314720,340230,180,,3003,"tbc",3,".020","J 147 402","H"
"Shanes Hill","OSNI",306390,353210,92,,3004,"OSNI",2,".020","J 063 532",
"Saval Beg","OSNI",312040,330090,101,,3005,"OSNI",3,".029","J 120 300",
"Carmeen","OSNI",318070,326110,361,,3006,"OSNI",3,".029","J 180 261",
"Lazy Hill","OSNI",329606,312885,"H",,3007,,2,".029","J 296 128","H"
"Hillhead","OSNI",334170,318880,85,,3008,"SB418745",3,".029","J 341 188",
"Slieve Na Slat","OSNI",333060,337600,272,,3009,"SB423932",3,".029","J 330 376","G"
"Dechomet","OSNI",325180,342380,318,,3010,,3,".020","J 251 423",
"Whitish Hill","OSNI",345810,400230,90,,3011,"NW604545",3,".009","D 458 002",
"Mullaghpeak","OSNI",268600,340900,"H",,3012,,3,".019 .128","H 686 409","U"
"Coolberrin","OSNI",261312,347614,216,,3013,,2,".019 .128","H 613 476",
"Ballylumford","OSNI",342930,401720,60,,3014,,3,".009","D 429 017",
"Carninard","OSNI",331480,398320,366,,3015,,2,".009","J 314 983",
"Slieve Martin","OSNI",320110,317640,485,,3016,,2,".029 .136","J 201 176",
"Slieve Muck","OSNI",328100,324990,674,,3017,"SB363811",3,".029","J 281 249",
"Ballysheil","OSNI",302310,342310,121,,3018,,3,".020","J 023 423",
"Carncormick","OSNI",316910,414330,436,,3019,,3,".009","D 169 143",
"Berk Hill","OSNI",310740,407670,154,,3020,,3,".009","D 107 076","X"
"Fairview","OSNI",314260,400540,128,,3021,,3,".009","D 142 005",
"Carnearny","OSNI",317626,392706,145,,3022,,3,".014","J 176 927",
"Battery Hill","OSNI",303960,393860,145,,3023,,3,".014","J 039 938",
"Drumhirk","OSNI",346050,365700,75,,3024,,3,".015 .021","J 460 657",
"Cronstown","OSNI",351440,375830,61,,3025,,3,".015","J 514 758",
"Carys Fort","OSNI",343280,354470,90,,3026,,3,".021","J 432 544",
"Mullyard","OSNI",279930,331090,222,,3027,,3,".028 .128","H 799 310",
"Aughrim Hill","OSNI",296500,392100,30,,3028,,3,".014","H 965 921",
"Lyles Hill","OSNI",324780,382840,227,,3029,,3,".014","J 247 828",
"Cannon Hill","OSNI",290990,349350,78,,3030,,2,".019 .028","H 909 493",
"Slush Hill","OSNI",238770,336210,162,,3032,,3,".027","H 387 362",
"Ballyness","OSNI",246140,353560,288,,3033,,3,".018","H 461 535",
"Natroy","OSNI",250050,346400,297,,3034,,2,".028 .128","H 500 464",
"Topped","OSNI",231130,345750,277,,3035,,3,".018","H 311 457",
"Brougher","P? OSNI",234930.3,352784.8,317,,3036,"c1950",1,".018","H 349 527",
"Tullyheeran","OSNI",249460,366490,120,,3037,,3,".018","H 494 664",
"Keeran Moat","OSNI",224500,361290,180,,3038,,3,".017 .018","H 245 612",
"Mossfield","OSNI",233350,362590,158,,3039,,3,".018","H 333 625",
"Cranny","OSNI",242200,363350,124,,3040,,3,".018","H 422 633",
"Pollnalaght","OSNI",236950,370090,291,,3041,,3,".012","H 369 700",
"Listullyard Fort","OSNI",310130,346850,152,,3042,,3,".020","J 101 468",
"Branny Hill","OSNI",268150,355530,197,,3043,,3,".019","H 681 555",
"Knockadoney","OSNI",311250,362090,55,,3044,,3,".020","J 112 620",
"Crocketts Hill","OSNI",297930,355050,50,,3045,,3,".019","H 979 550",
"Sallys Hill","OSNI",316330,356510,130,,3046,,3,".020","J 163 565",
"Ashtree Hill","OSNI",300150,346440,70,,3047,,3,".020","J 001 464",
"Kings Ring","OSNI",296990,334430,195,,3048,,3,".028","H 969 344",
"Black Hill","OSNI",332920,410740,381,,3049,,2,".009","D 329 107",
"Carnanmore","OSNI",321780,438770,379,,3050,,2,".005","D 217 387",
"Scudion Craig","OSNI",289280,438890,132.04,,3051,,2,".004","C 892 388",
"Black Mountain South","OSNI",328420,373000,360,,3052,,3,".015","J 284 730",
"Carnmoney Hill","OSNI",333220,383050,232,,3053,,3,".015","J 332 830",
"White Mountain","OSNI",323898,367912,"H",,3054,,3,".020","J 238 679","X  H"
"McArt's Fort","OSNI",332530,379610,"H",,3055,,3,".015","J 325 796","X  H"
"Trostan","P05 OSNI",317956.489,423593.228,550,,3056,"NW346802",1,".009","D 179 235",
"Black Mountain North","OSNI",329360,374850,390,,3057,,3,".015","J 293 748","E"
"Carnaghliss","OSNI",328520,378350,335,,3058,,3,".015","J 285 783",
"Squire's Hill","OSNI",330463,378898,374,,3059,,3,".015","J 304 788",
"Knockbreda New","OSNI",335950,370050,127,,3060,,3,".015","J 359 700","E"
"Casaeldona","OSNI",337410,371260,119,,3061,,3,".015","J 374 712",
"Laghey Barr / Oughtarnid","OSNI",198700,373000,271,,3062,,3,".111","G 987 730",
"Craigantlet","OSNI",340038,375784,140,,3063,,3,".015","J 400 757",
"Scalp Mountain","OSNI",240685.884,426962.495,478,,3064,"1950s",2,".007","C 406 269",
"Drumbad","OSNI",200930,354890,300,,3065,,2,".017","H 009 548",
"Cullen Hill","OSNI",216480,350990,194,,3066,,2,".017","H 164 509",
"Knockninny","OSNI",227330,330140,190,,3067,,2,".027","H 273 301",
"Binevenagh","OSNI",269192,430160,385,,3068,,2,".004","C 691 301",
"Craiggore","OSNI",275440,417670,388,,3069,,2,".008","C 754 176",
"Slieve Kirk","OSNI",245170,408330,370,,3070,,2,".007","C 451 083",
"Loughermore","OSNI",258870,415640,396,,3071,,2,".007","C 588 156",
"Knockavoe","OSNI",237290,397580,294,,3072,,2,".012","H 372 975",
"Bessy Bell","OSNI",239060,382080,420,,3073,"NV523455",2,".012","H 390 820",
"Legmurn","OSNI",287510,371740,132,,3074,,2,".014","H 875 717",
"Carntogher","OSNI",279630,406080,"h",,3075,,2,".008","C 796 060","X"
"Cappagh Mountain","OSNI",267840,366430,280,,3076,,2,".019","H 678 664",
"Slievemore","OSNI",259339,361589,367,,3077,,2,".018","H 593 615","X"
"Cloghmore","OSNI",255380,331420,92,,3078,,3,".027 .128","H 553 314",
"Sheepwalk","OSNI",247010,322440,65,,3079,,3,".027 .128","H 470 224",
"Carrowmaculla","OSNI",243070,334390,271,,3080,,3,".027","H 430 343",
"Carneyhome","OSNI",244490,328880,111,,3081,,3,".027 .127","H 444 288",
"Cloghcor New","OSNI",229550,340500,"H",,3082,,3,".018","H 295 405","H"
"Breagho","OSNI",226410,348400,161,,3083,,3,".017 .018","H 264 484",
"Kinmore","OSNI",232830,333060,53,,3084,,3,".027","H 328 330",
"Dooch Rock","OSNI",223310,369660,202,,3085,,2,".017 .018","H 233 696",
"Standard Hill","OSNI",341610,377480,199,,3086,,3,".015","J 416 774",
"Slieve Donard (New)","P15 OSNI",335787.465,327685.677,849,,3087,"OSNI",1,".029","J 357 276",
"Ballycowan","OSNI",333990,366160,132,,3088,,3,".015 .020","J 339 661",
"Cormonalea","OSNI",238600,331450,122,,3133,,3,".027","H 386 314",
"Corradillar","OSNI",233360,328110,,,3134,,3,".027 .127","H 333 281",
"Listersee","OSNI",241700,338030,270,,3135,,3,".027","H 417 380",
"Hazelbank","OSNI",238600,341930,99,,3136,,3,".018","H 386 419",
"Lislea","OSNI",233930,341150,,,3137,,3,".018","H 339 411",
"Altagoaghan","OSNI",248160,340370,292,,3138,,3,".018 .128","H 481 403",
"Tattynagolan","OSNI",248770,330950,103,,3139,,3,".027 .128","H 487 309",
"Foglish","OSNI",244940,344790,150,,3140,,3,".018","H 449 447",
"Carrownagiltagh","OSNI",236140,345860,110,,3141,,3,".018","H 361 458",
"Cabragh New","OSNI",226950,356680,138,,3142,,3,".017 .018","H 269 566",
"Moynaghan / Clues Long","OSNI",220400,355200,95,,3143,,3,".017 .018","H 204 552",
"Formil","OSNI",216310,368450,173,,3144,,3,".017","H 163 684",
"Banagher","OSNI",219480,347870,123,,3145,,3,".017","H 194 478",
"Ballaghmore","OSNI",221120,343890,97,,3146,,3,".017 .018","H 211 438",
"Tonymore","OSNI",232640,320410,66,,3147,,3,".027 .127","H 326 204",
"Slieve Gullion","OSNI",302470,320320,576,,3148,,2,".029 .136","J 024 203",
"Killinakin","OSNI",351430,361350,60,,3149,,3,".021","J 514 613",
"Bishops Mountain","OSNI",340750,346450,123,,3151,,3,".021","J 407 464",
"Babylon","OSNI",219480,347870,130,,3152,,3,".020","J 043 428",
"Doon","OSNI",224850,325220,325,,3154,,3,".027 .127","H 248 252",
"Cullentragh","OSNI",208480,336050,275,,3155,,3,".026 .126","H 084 360",
"Benaughlin","OSNI",217780,331430,"h",,3156,,3,".026 .126","H 177 314",
"Belmore Mountain","OSNI",213850,341760,398,,3157,,3,".017","H 138 417",
"Springtown","OSNI",221810,327880,"h",,3158,,3,".027 .127","H 218 278","H"
"Drumbrughas","OSNI",223506,335219,63,,3159,,3,".027","H 235 352",
"Croaghrim","OSNI",217800,336290,70,,3160,,3,".026 .126","H 178 362",
"Carney Hill","OSNI",222550,338480,90,,3161,,3,".027","H 225 384",
"Knockmore","OSNI",208810,350400,280,,3162,,3,".017","H 088 504",
"Boa Island","OSNI",212150,363530,72,,3163,"tbc",3,".017","H 121 635",
"Derrynacross","OSNI",191360,356140,82,,3164,,3,".017 .116","G 913 561",
"Derrin","OSNI",206300,364150,171,,3165,,3,".017 .111","H 063 641",
"Scribbagh","OSNI",198720,348490,153,,3166,,3,".017","G 987 484",
"Bressy Hill","OSNI",197600,363600,251,,3167,,3,".017","G 976 636",
"Meenawargy","OSNI",204070,341520,133,,3169,,3,".017","H 040 415",
"Aughrim Rock","OSNI",209420,339370,"h",,3170,,3,".026 .126","H 094 393","H"
"Tullygarran","OSNI",204330,343240,193,,3171,,3,".017","H 043 432",
"Crott","OSNI",214450,347260,105,,3172,,3,".017","H 144 472",
"Ora More","OSNI",206990,343250,252,,3173,,3,".017","H 069 432",
"Tullygerravra","OSNI",201540,347180,181,,3174,,3,".017","H 015 471",
"Drumcrow (New)","OSNI",204010,358080,60,,3175,,3,".017","H 040 580",
"Caldrum Hill","OSNI",212170,353710,123,,3176,,3,".017","H 121 537",
"Drumreask","OSNI",210420,357280,129,,3177,,3,".017","H 104 572",
"Mullaghcarn","OSNI",251040,380970,542,,3178,1-Oct-54,2,".013","H 510 809",
"Slieve Gallion","OSNI",279850,387790,528,,3179,,2,".013","H 798 877",
"Divis","P08 OSNI",328077.5,375479.191,478,,3211,"tbc",1,".015","J 280 754","F2"
"Fathom","OSBM",309140,322050,247,,3454,"OSNI",3,".029","J 091 220","F2"
"Ballycultra","OSBM",341990,379310,132,,3463,"OSNI",3,".015","J 419 931",
"Slimero","OSBM",338921,393692,289,,3464,"OSNI",3,".015","J 389 936",
"Willy's Wood Island","OSBM",355130,378210,41,,3475,"1950s",3,".015","J 551 782","X"
"Knockiveagh","OSBM",318230,337790,236,,3515,"tbc",3,".029","J 182 377","F2"
"Cluidaniller","OSI",166100,416000,226,,"u101","Hotine",,".001","B 661 160",
"Moylemore","OSI",170900,423100,102,,"u102",,,".001","B 709 231",
"Croaghegly","OSI",173600,407300,245,,"u103","Hotine",,".001","B 736 073",
"Annagary Hill","OSI",179500,418700,106,,"u104",,,".001","B 795 187",
"Dunglow","OSI",181600,408700,"h",,"u105","mini pillar",,".001","B 816 087","H"
"Bloody Foreland","OSI",183300,432200,314,,"u106",,,".001","B 833 322",
"Tievealehid","OSI",187292,426154,429,,"u106.2",,,".001","B 872 261","Q"
"Tory Island","OSI",187700,446100,88,,"u107",,,".001","B 877 461",
"Errigal","P03 OSI",192821.67,420770.51,750.7,,"u108","tbc",1,".001","B 928 207","X"
"Muckish","OSI",200400,428700,"h",,"u109",,,".002","C 004 287",
"Croaghnamaddy","OSI",202800,440200,252,,"u110",,,".002","C 028 402",
"Ganiamore","OSI",211100,440000,207,,"u111",,,".002","C 111 400",
"Loughsalt Mountain","OSI",213317,426483,469,,"u112",,,".002","C 133 264",
"Crockanaffrin","OSI",224000,424000,344,,"u113",,,".002","C 240 294",
"Inch Top","OSI",231300,431300,222,,"u114",,,".002","C 313 252",
"Raghtin More (Raghtin Top)","OSI",233800,433800,502,,"u115",,,".002","C 338 455",
"Beam","OSI",235900,439000,326,,"u116",,,".002","C 359 390",
"Coolcross Hill",,240500,440600,291,,"u117",,,".003","C 405 469",
"Middle Town",,240500,440500,109,,"u118",,,".003","C 405 579",
"Crocklough",,246000,446000,282,,"u119",,,".003","C 460 567",
"Creehennan Hill",,250200,435800,351,,"u120",,,".003","C 502 358",
"Crockroosky",,250300,442300,282,,"u121",,,".003","C 503 423",
"Bishops Hill",,254800,448400,110,,"u122",,,".003","C 548 484",
"Crockaulin",,262500,442000,325,,"u123",,,".003","C 625 420",
"South Base Tower",,263400,422000,24,,"u124",,,".004","C 634 220",
"Minearny Base Tower",,265900,430500,4,,"u125",,,".004","C 659 305",
"North Base Tower",,267000,434300,3,,"u126",,,".004","C 670 343",
"Gregory Hill",,211600,412300,336,,"u127",,,".006","C 116 123",
"Mongorry Hill",,224200,405000,284,,"u128",,,".006","C 242 050",
"Holywell Hill",,238550,416970,254,,"u129",,,".007","C 385 169",
"Slieve League","P06 OSI",154410,378431,595,,"u130","tbc",1,".010","G 544 784",
"Meenacurrin","OSI",162900,389900,511,,"u131",,,".010","G 629 899",
"Crownarad",,167600,378600,493,,"u132",,,".010","G 676 786",
"Dunhore Hill",,168700,399800,128,,"u133",,,".010","G 687 998",
"Saint Johns Point",,170600,369100,33,,"u134",,,".010","G 706 691",
"Common Mountain","OSI",170900,385900,501,,"u135",,,".010","G 709 859","O"
"Toome Hill",,178900,401800,172,,"u136",,,".010","B 789 018",
"Glencoagh",,187800,379000,153,,"u137",,,".011","G 878 790",
"Lurgan",,189800,367200,147,,"u138",,,".011","G 898 672",
"Croaghgorm",,194800,389600,674,,"u139","bolt?",,".011","G 948 896",
"Oughtarnid",,198700,373000,271,,"u140",,,".011","G 987 730",
"Croaghconnellagh",,202300,386300,523,,"u141",,,".011","H 023 863",
"Croaghnameal",,203700,379200,438,,"u142",,,".011","H 037 792",
"Benbulbin",,169200,346300,526,,"u143",,,".016","G 692 463",
"Mullaghmore",,170300,357800,67,,"u144",,,".016","G 703 578",
"Truskmore","P09 OSI",175897,347344,647,,"u145","tbc",1,".016","G 758 473","NoFB"
"Leean Mountain",,180600,338800,417,,"u146",,,".016","G 806 388",
"Arroo",,183300,352000,523,,"u147",,,".016","G 833 520",
"Aghla Mountain","OSI",189691,398894,390,,"u147.2",,,".011","G 896 988","Q"
"Rowantreehill",,191700,358900,92,,"u148",,,".016","G 917 589",
"Doagh Mountain",,193500,342400,459,,"u149",,,".016","G 935 424",
"Creeve Hill",,240300,348200,145,,"u150",,,".018","H 403 482",
"Clogher",,325580,356080,173,,"u151",,,".020","J 255 560",
"Slievemore (in Achill)","P16 OSI",65031,308666,671,,"u152","tbc",1,".022","F 650 086","NoFB"
"Errishead",,69900,340500,82,,"u153",,,".022","F 699 405",
"Knocklettercuss",,87600,319800,370,,"u154",,,".023","F 876 198",
"Slieve Carr (Slieve Cor)",,91500,314500,721,,"u155",,,".023","F 915 145",
"Slieve Fyagh",,91900,328300,331,,"u156",,,".023","F 919 283",
"Tawnaghmore","P10 OSI",93962,339534,340,,"u157","tbc",1,".023","F 959 395",
"Maumakeogh",,103600,336800,379,,"u158",,,".023","G 036 368",
"Carrowkeel",,109000,317500,74,,"u159",,,".023","G 090 175",
"Nephin","P17 OSI",110344,307971,806,,"u160","tbc",1,".023","G 103 079",
"Garranard",,111800,326300,58,,"u161",,,".023","G 118 263",
"Rathlackan (Knockboha)",,114800,338600,186,,"u162",,,".023","G 148 386",
"Knockanillaun",,119800,319500,66,,"u163",,,".024","G 198 195",
"Corroy",,122900,313200,38,,"u164",,,".024","G 229 132",
"Corbally South",,129100,324300,68,,"u165",,,".024","G 291 243",
"Ballinteane",,131700,330700,79,,"u166",,,".024","G 317 307",
"Kylestown",,132200,337300,29,,"u167",,,".024","G 322 373",
"Knocknasliggaun",,137100,315600,417,,"u168",,,".024","G 371 156",
"Carrownabinny",,140700,337100,69,,"u169",,,".024","G 407 371",
"Loughannaloran",,147400,324400,512,,"u170",,,".024","G 474 244",
"Tullymoy",,147800,310400,77,,"u171",,,".024","G 478 104",
"Knockalongy","P11 OSI",150425,327510,544,,"u172","OSI",1,".025","G 504 275",
"Knocknashee",,155600,319100,276,,"u173",,,".025","G 556 191",
"Carrowkeel",,156600,311500,151,,"u174",,,".025","G 566 115",
"Doomore",,160900,327400,272,,"u175",,,".025","G 609 274",
"Knocknarea",,162600,334600,327,,"u176",,,".025","G 626 346",
"Carrickbanagher",,167600,320800,157,,"u177",,,".025","G 676 208",
"Carns",,170300,333900,123,,"u178",,,".025","G 703 339",
"Slieve Daeane",,171200,329900,275,,"u179",,,".025","G 712 299",
"Kesh Corran",,171300,312600,359,,"u180",,,".025","G 713 126",
"Barroe North",,180300,315500,226,,"u181",,,".025","G 803 155",
"Carran Hill",,184400,320600,458,,"u182",,,".025","G 844 206","O"
"Teebane",,199700,333800,441,,"u183",,,".026","G 997 338",
"Lisroughty",,216100,314200,100,,"u184",,,".026","H 161 142",
"Slieve Anierin",,201800,315900,585,,"u185",,,".026","H 018 159",
"Slievenakilla (The Playbank)",,203300,325800,543,,"u186",,,".026","H 033 258",
"Ballyneary",,238800,312500,101,,"u187",,,".027","H 388 125",
"Bocade Glebe",,272600,314800,109,,"u188",,,".027","H 726 148",
"Kilmore East",,260900,335600,104,,"u189",,,".028","H 609 356",
"Farvrega (Tattintlieve)",,263500,326700,215,,"u190",,,".028","H 635 267",
"Tievenaveagh",,263900,313500,184,,"u191",,,".028","H 639 135",
"Criggy (Tirnaneill)",,268000,337300,98,,"u192",,,".028","H 680 373",
"Feragh",,269100,329000,194,,"u193",,,".028","H 691 290",
"Corvoy",,271800,324800,167,,"u194",,,".028","H 718 248",
"Bannanimma (Carrickaveilty)",,272600,314800,270,,"u195",,,".028","H 726 148",
"Crossmore",,277200,328400,183,,"u196",,,".028","H 772 284",
"Corderryduff",,278600,318800,192,,"u197",,,".028","H 786 188",
"Lisnagreeve",,281500,325600,194,,"u198",,,".028","H 815 256",
"Black Mountain",,309900,315700,508,,"u199",,,".029","J 099 157",
"Slieve Foye",,316900,312000,588,,"u200",,,".029","J 169 120",
"Knockmore","OSI",66900,286100,462,,"u201",,,".030","L 669 861",
"Corraun Hill","OSI",75400,296000,524,,"u202",,,".030","L 754 960",
"Corranabinnia (Corranabinna Lo","OSI",90300,303100,716,,"u203",,,".030","F 903 031",
"Croagh Patrick","OSI",90600,280200,764,,"u204",,,".030","L 906 802","X"
"Claggan","OSI",93900,289100,53,,"u205",,,".031","L 939 891",
"Birreencorragh","OSI",102500,304900,698,,"u206",,,".031","G 025 049",
"Croaghmoyle","OSI",109800,298200,430,,"u207",,,".031","M 098 982",
"Farbreiga","OSI",117000,302500,395,,"u208",,,".031","G 170 025",
"Carranaragh","OSI",128300,302500,195,,"u209",,,".031","G 283 925",
"Cuillalea","OSI",129700,288100,262,,"u210",,,".031","M 297 881",
"Knock","OSI",138900,282500,127,,"u211",,,".032","M 389 825",
"Kilbride","OSI",139600,299000,132,,"u212",,,".032","M 396 990",
"Knock International Airport","OSI",147100,296400,213,,"u213",,,".032","M 471 964",
"Boleyboy","OSI",148300,287500,160,,"u214",,,".032","M 483 875",
"Cloonakillina","OSI",159800,306300,102,,"u215",,,".032","G 598 063",
"Kiltybranks","OSI",160200,291600,97,,"u216",,,".032","M 602 916",
"Bockagh","P18 OSI",160228,298683,227,,"u217","OSI",1,".032","M 602 986",
"Breanamore","OSI",160800,284200,107,,"u218",,,".032","M 608 842",
"Fairymount Hill","OSI",167900,288200,196,,"u219",,,".032","M 679 882",
"Mullaghthee","OSI",168200,301200,179,,"u220",,,".032","G 682 012",
"Killerdoo","OSI",175800,296500,98,,"u221",,,".033","M 758 965",
"Rathkineely","OSI",176700,284700,161,,"u222",,,".033","M 767 847",
"Grallagh More","OSI",182600,300600,150,,"u223",,,".033","G 826 006",
"Cartroncaran","OSI",184100,291200,135,,"u224",,,".033","M 841 912",
"Knockacoran","OSI",189300,298200,118,,"u225",,,".033","M 893 982",
"Sheemore","OSI",190000,304800,178,,"u226",,,".033","G 900 048",
"Ballyformoyle","OSI",190900,308500,153,,"u227",,,".033","G 909 085",
"Greywood Hill","OSI",192300,285200,126,,"u228",,,".033","M 923 852",
"Knockavreacneen","OSI",196800,294800,74,,"u229",,,".033","M 968 948",
"Kilglass","OSI",199800,285100,153,,"u230",,,".033","M 998 851",
"Fearnaght","OSI",204200,293400,88,,"u231",,,".033","N 042 934",
"Lissagarvan","OSI",212500,305800,126,,"u232",,,".034","H 125 058",
"Lugganammer","OSI",218700,298100,190,,"u233",,,".034","N 187 981",
"Corn Hill","P19 OSI",218763,284214,278,,"u234","OSI",1,".034","N 187 842",
"Drumanure","OSI",224600,306300,111,,"u235",,,".034","H 246 063",
"Croft","OSI",224900,293800,212,,"u236",,,".034","N 249 938",
"Molly","OSI",225100,284800,192,,"u237",,,".034","N 251 848",
"Bruse Hill","OSI",231700,298100,260,,"u238",,,".034","N 317 981",
"Granard (Moatfield)","OSI",232900,280700,179,,"u239",,,".034","N 329 807",
"Corbaun","OSI",233800,288000,159,,"u240",,,".034","N 338 880",
"Flemings Folly","OSI",239100,299700,175,,"u241",,,".034","N 391 997",
"Slieve Glah","OSI",246200,300700,320,,"u242",,,".034","H 462 007",
"Shantemon","OSI",246400,307400,218,,"u243",,,".034","H 464 074",
"Creewood","OSI",292200,280200,215,,"u245",,,".036","N 922 802",
"Carrickykelly","OSI",293100,309300,110,,"u246",,,".036","H 931 093",
"Mullaghusher","OSI",298000,301800,59,,"u247",,,".036","H 980 018",
"Mount Oriel","OSI",298100,283100,251,,"u248",,,".036","N 981 831",
"Greenmount","OSI",305700,293200,54,,"u249",,,".036","O 057 932",
"Monasterboice","OSI",306600,281100,180,,"u250",,,".036","O 066 811",
"Haggardstown","OSI",306700,303800,29,,"u251",,,".036","J 067 038",
"Fieldstown Hill","OSI",307200,281400,187,,"u252",,,".036","O 072 814",
"Slievenaglogh","OSI",313600,308700,310,,"u253",,,".036","J 136 087",
"Castlecoe Hill","P21 OSI",314473,282963,105,,"u254","tbc",1,".036","O 144 829",
"Gortrumnagh","OSI",62800,251500,174,,"u255",,,".037","L 628 515",
"Tully Mountain","OSI",67200,261100,356,,"u256","NoFB",,".037","L 672 611",
"Mountain Common","OSI",60500,275100,191,,"u257","NoFB",,".037","L 605 751",
"Corrymailley","OSI",76700,271900,286,,"u258","NoFB",,".037","L 767 719",
"Cnoic Shíofra","OSI",86100,269400,762,,"u259",,,".037","L 861 694",
"Bencorr","OSI",81100,252200,711,,"u260",,,".037","L 811 522",
"Benbaun (Binn Bhán)","OSI",78500,253900,729,,"u261",,,".037","L 785 539",
"Maumtrasna","P22 OSI",97338,264469,673,,"u262","tbc",1,".038","L 973 644",
"Benlevy","OSI",105000,254900,416,,"u263","NoFB",,".038","M 050 549",
"Bohaun","OSI",107500,274600,393,,"u264",,,".038","M 075 746",
"Knockfereen","OSI",119300,263400,59,,"u265",,,".038","M 193 634",
"Cloonsaul","OSI",128500,278000,70,,"u266",,,".038","M 285 780",
"Kilmacenelly","OSI",132600,272800,100,,"u267",,,".039","M 326 728",
"Tullybeg","OSI",145000,257800,88,,"u268",,,".039","M 450 578",
"Cappadavock","OSI",152100,252100,103,,"u269",,,".039","M 521 544",
"Gortaleam","OSI",154300,254300,132,,"u270",,,".039","M 543 650",
"Beg","OSI",155800,255800,160,,"u271",,,".039","M 558 732",
"Bushtown","OSI",163100,263100,105,,"u272",,,".039","M 631 644",
"Slieveroe","OSI",164400,264400,143,,"u273",,,".039","M 644 555",
"Mount Mary","P25 OSI",174144,257770,163,,"u274","tbc",1,".040","M 741 577",
"Rathmew","OSI",176300,270900,128,,"u275",,,".040","M 763 709",
"Carns","OSI",182400,278400,121,,"u276",,,".040","M 824 784",
"Coolteige Cross","OSI",186300,269300,123,,"u277",,,".040","M 863 693",
"Moydow","OSI",189100,258200,165,,"u278",,,".040","M 891 582",
"Red Hill","OSI",194300,252300,131,,"u279",,,".040","M 943 523",
"Bawn (Slieve Bawn)","OSI",195400,274300,262,,"u280",,,".040","M 954 743",
"Gorteengar","OSI",201100,268600,70,,"u281",,,".040","N 011 686",
"Carrow Beg","OSI",203800,259900,86,,"u282",,,".040","N 038 599",
"Feraghfad","OSI",214900,273700,121,,"u283",,,".041","N 149 737",
"Garrycam","OSI",218000,267700,200,,"u284",,,".041","N 180 677",
"Hill of Forgney","OSI",220000,254900,102,,"u285",,,".041","N 200 549",
"Lisnanagh","OSI",222700,273800,142,,"u286",,,".041","N 227 738",
"Hill of Laragh","OSI",231600,257200,123,,"u287",,,".041","N 316 572",
"Loughanstown","OSI",231900,268300,97,,"u288",,,".041","N 319 683",
"Dundonnell","OSI",234800,250800,135,,"u289",,,".041","N 348 508",
"Frewin Hill","OSI",237700,258500,171,,"u290",,,".041","N 377 585",
"Lispopple","OSI",241100,270000,98,,"u291",,,".041","N 411 700",
"Hill of Moat","OSI",245400,276400,241,,"u292",,,".041","N 454 764",
"Knockdrin","OSI",245700,257500,168,,"u293",,,".041","N 457 575",
"Knockeyon","OSI",246500,263900,215,,"u294",,,".041","N 465 639",
"Jeffrystown","OSI",251300,260000,141,,"u295",,,".041","N 513 600",
"Ben of Fore","OSI",252000,270600,216,,"u296",,,".042","N 520 706",
"Sionhill","OSI",256100,255800,152,,"u297",,,".042","N 561 558",
"Slieve na Calliagh","OSI",258600,277500,276,,"u298",,,".042","N 586 775",
"Delvin","OSI",259900,262700,113,,"u299",,,".042","N 599 627",
"Carrick","OSI",265800,273900,157,,"u300",,,".042","N 658 739",
"Commons of Lloyd","OSI",272200,276400,129,,"u301",,,".042","N 722 764",
"Hill of Ward","OSI",273500,264500,119,,"u302",,,".042","N 735 645",
"Faughan Hill","OSI",279400,269300,109,,"u303",,,".042","N 794 693",
"Tankardrath","OSI",285300,275000,120,,"u304",,,".042","N 853 750",
"Hill of Tara","OSI",291900,259700,159,,"u305",,,".042","N 919 597",
"Kingstown and Carnuff Great","OSI",292500,269000,139,,"u306",,,".043","N 925 690",
"Skreen","OSI",295200,260500,172,,"u307",,,".043","N 952 605",
"Dunshaughlin","OSI",296600,251600,119,,"u308",,,".043","N 966 516",
"Dunore Reservoir","OSI",304000,271800,121,,"u309",,,".043","O 040 718",
"Glebe West","OSI",306400,258200,168,,"u310",,,".043","O 064 582",
"Hilltown Little","OSI",307800,267000,159,,"u311",,,".043","O 078 670",
"Moneymore","OSI",308600,275900,67,,"u312",,,".043","O 086 759",
"Knockaneek","OSI",309100,253400,82,,"u313",,,".043","O 091 534",
"Mullaghteelin","OSI",311800,266200,148,,"u314",,,".043","O 118 662",
"Knockbrack","OSI",315300,259300,176,,"u315",,,".043","O 153 593",
"South Bull","OSI",315400,276100,19,,"u316",,,".043","O 154 761",
"Balsaddan","OSI",317800,264000,68,,"u317",,,".043","O 178 640",
"Baldongan","OSI",324000,257400,69,,"u318",,,".043","O 240 574",
"Knockbrack","OSI",331600,251000,126,,"u319",,,".043","O 316 510",
"Doon Hill","OSI",59300,242500,64,,"u320",,,".044","L 593 425",
"Errisbeg","OSI",69700,240100,300,,"u321","NoFB",,".044","L 697 401",
"Croaghnakeela","OSI",68500,232500,63,,"u322",,,".044","L 685 325",
"Cashel Hill","OSI",80000,243600,311,,"u323","NoFB",,".044","L 800 436",
"Cnoc Mordain","OSI",86400,237700,354,,"u324","NoFB",,".044","L 864 377",
"Lettermore","OSI",89100,228500,117,,"u325","NoFB",,".044","L 891 285",
"Binn Mhor (Binn Mhór)","OSI",91800,249400,661,,"u326",,,".044","L 918 494",
"Shannawona","P23 OSI",101238,239727,346,,"u327","NoFB",1,".045","M 012 397",
"Bovroughaun Hill","OSI",101500,228500,164,,"u328",,,".045","M 015 285",
"Knocknalee Hill","OSI",111800,236900,291,,"u329",,,".045","M 118 369",
"Keeraunduff Hill","OSI",114700,226300,124,,"u330",,,".045","M 147 263",
"Killagoola Hill","OSI",120600,231200,142,,"u331",,,".045","M 206 312",
"Tonabrocky","OSI",125900,227300,111,,"u332",,,".045","M 259 273",
"Barranny","OSI",129600,235300,17,,"u333",,,".045","M 296 353",
"Briar Hill","OSI",133700,226800,71,,"u334",,,".046","M 337 268",
"Knockma","P24 OSI",136160,248369,167,,"u335","NoFB",1,".046","M 361 483",
"Knockdoe","OSI",140400,236700,70,,"u336",,,".046","M 404 367",
"Knocknacreeve","OSI",144900,228800,73,,"u337",,,".046","M 449 288",
"Gortbeg","OSI",147100,245200,67,,"u338",,,".046","M 471 452",
"Knockroe","OSI",150700,241300,168,,"u339","NoFB",,".046","M 507 413",
"Knock","OSI",152900,247700,115,,"u340",,,".046","M 529 477",
"Cloonbrusk","OSI",154900,229000,80,,"u341",,,".046","M 549 290",
"Ballybaun","OSI",159100,220800,71,,"u342",,,".046","M 591 208",
"Knockaboy","OSI",160300,232800,112,,"u343",,,".046","M 603 328",
"Moneyveen","OSI",168900,233400,120,,"u344",,,".046","M 689 334",
"Doonaree","OSI",171900,224300,151,,"u345",,,".046","M 719 243",
"Knockroe","OSI",180500,230300,93,,"u346",,,".047","M 805 303",
"Sheepwalk","OSI",183500,223000,98,,"u347",,,".047","M 835 230",
"Cronin","OSI",185600,248100,96,,"u348",,,".047","M 856 481",
"Cuilleenoolagh","OSI",190700,244400,118,,"u349",,,".047","M 907 444",
"Collderry","OSI",191200,230000,98,,"u350",,,".047","M 912 300",
"Shannonbridge","OSI",197400,224600,83,,"u351","WD BS",,".047","M 974 246",
"Kilmocolmock","OSI",199300,237800,85,,"u352",,,".047","M 993 378",
"Kilfaughny","OSI",209900,249700,94,,"u353",,,".047","N 099 497",
"Tullaghmore Hill","OSI",204900,230000,79,,"u354",,,".047","N 049 300",
"Knockdomny","OSI",216400,239400,157,,"u355",,,".048","N 164 394",
"Knockastia","P26 OSI",224338,243378,200,,"u356","tbc",1,".048","N 243 433",
"Trumpet Hill","OSI",227500,227000,86,,"u357",,,".048","N 275 270",
"Knockmore","OSI",237100,239200,122,,"u358",,,".048","N 371 392",
"Lackan Hill","OSI",241500,231300,133,,"u359",,,".048","N 415 313",
"Cnocballyboy","OSI",244300,226000,110,,"u360",,,".048","N 443 260",
"Gaybrook","OSI",245700,246500,138,,"u361",,,".048","N 457 465",
"Croughan Hill (Croghanhill)","P27 OSI",248104,233100,234,,"u362","tbc",1,".048","N 481 331",
"Killoneen","OSI",249700,227800,116,,"u363",,,".048","N 497 278",
"Walsh Island","OSI",252000,221100,107,,"u364",,,".049","N 520 211",
"Ballystrig","OSI",255000,233800,114,,"u365",,,".049","N 550 338",
"Ballynakill","OSI",260300,228800,109,,"u366",,,".049","N 603 288",
"Hill of Down","OSI",265300,246800,98,,"u367",,,".049","N 653 468",
"Carbury (Hill)","OSI",268600,234600,142,,"u368",,,".049","N 686 346",
"Lullymore East","OSI",271000,225500,93,,"u369",,,".049","N 710 255",
"Connellstown","OSI",275900,244200,123,,"u370",,,".049","N 759 442",
"Hill of Allen","OSI",275900,220400,219,,"u371",,,".049","N 759 204",
"Hodgetown","OSI",279000,231200,116,,"u372",,,".049","N 790 312",
"Ballynafagh","OSI",282500,229600,114,,"u373",,,".049","N 825 296",
"Cappagh","OSI",282800,241000,138,,"u374",,,".049","N 828 410",
"Summerhill Demesne","OSI",284600,247900,128,,"u375",,,".049","N 846 479",
"Mullagh","OSI",290700,245900,131,,"u376",,,".049","N 907 459",
"Lyons Hill","OSI",297600,227600,197,,"u377","Hotine",,".050","N 976 276",
"Cupidstown Hill","OSI",300600,220600,"h",,"u378",,,".050","O 006 206",
"Cherry Orchard Hospital","OSI",308100,233800,55,,"u379",,,".050","O 081 338",
"Dunblin Observatory","OSI",310500,238700,84,,"u380",,,".050","O 105 387",
"Mountambrose Little","OSI",314900,247800,77,,"u381",,,".050","O 149 478",
"Dublin Airport","OSI",316700,243600,80,,"u382",,,".050","O 167 436",
"Two Rock Mountain","OSI",317200,222300,536,,"u383",,,".050","O 172 223",
"Artane","OSI",318600,238200,43,,"u384",,,".050","O 186 382",
"Poolbeg Lighthouse","OSI",322300,233800,6,,"u385",,,".050","O 223 338",
"Robswalls","OSI",323300,245300,59,,"u386",,,".050","O 233 453",
"Eochaill","OSI",86100,209700,123,,"u387",,,".051","L 861 097",
"Knockardakin","OSI",104300,192600,203,,"u388",,,".051","R 043 926",
"Slieve Elva","OSI",115000,204300,344,,"u389",,,".051","M 150 043",
"Gleninagh Mountain","OSI",117900,209400,317,,"u390",,,".051","M 179 094",
"Cappaghkennedy","OSI",131000,197900,237,,"u391",,,".051","R 310 979",
"Slievecarran","OSI",132400,205400,328,,"u392",,,".052","M 324 054",
"Monreagh","OSI",139800,191900,66,,"u393",,,".052","R 398 919",
"Cahernalinsky","OSI",142300,213800,31,,"u394",,,".052","M 423 138",
"Bunduff","OSI",144500,205800,123,,"u395",,,".052","M 445 058",
"Maghera","OSI",151800,191000,400,,"u396",,,".052","R 518 910","X"
"Cloghaun","OSI",155100,209000,289,,"u397",,,".052","M 551 090",
"Cashlaundrumlahan","P30 OSI",159030,205088,358,,"u398","tbc",1,".052","M 590 050",
"Cappaghabaun Mountain","OSI",167700,192200,378,,"u399",,,".052","R 677 922",
"Terry Hill","OSI",169200,203700,181,,"u400",,,".052","M 692 037",
"Derryfrench","OSI",174300,212500,103,,"u401",,,".053","M 743 125",
"Church Hill","OSI",181800,207300,91,,"u402",,,".053","M 818 073",
"Kilgarvan Hill","OSI",183700,194800,146,,"u403",,,".053","R 837 948",
"Redmount Hill","P31 OSI",190443,219100,128,,"u404","tbc",1,".053","M 904 191",
"Grange","OSI",191700,207200,108,,"u405",,,".053","M 917 072",
"Knockshigowna","OSI",200300,195800,212,,"u406",,,".053","S 003 958",
"Cloghan Hill","OSI",208900,218800,114,,"u407",,,".053","N 089 188",
"Knock","OSI",211400,197400,194,,"u408",,,".053","S 114 974",
"Kiltubbrid Island","OSI",216300,208100,128,,"u409",,,".054","N 163 081",
"Ballyduff","OSI",219100,191700,245,,"u410",,,".054","S 191 917",
"Arderin","OSI",223200,198900,527,,"u411",,,".054","S 232 989",
"Mullaghcrohy","OSI",225100,216600,131,,"u412",,,".054","N 251 166",
"Stillbrook Hill","OSI",226100,202900,514,,"u413",,,".054","N 261 029",
"Baureigh","P32 OSI",227332,204762,487,,"u414","tbc",1,".054","N 273 047",
"Antonian","OSI",236600,204700,350,,"u415",,,".054","N 366 047",
"Danganbeg","OSI",239100,217600,143,,"u416",,,".054","N 391 167",
"Wood Hill","OSI",245200,205400,106,,"u417",,,".054","N 452 054",
"Wolftrap Mountain","OSI",246600,201200,487,,"u418",,,".054","N 436 012",
"Portlaoise","OSI",246800,198700,118,,"u419",,,".054","S 468 987",
"Carrigeen","OSI",255200,200900,218,,"u420",,,".055","N 552 009",
"Garryvacum Hill","OSI",256700,208800,123,,"u421",,,".055","N 567 088",
"Blackparks","OSI",267700,193600,99,,"u422",,,".055","S 677 936",
"Dunmurry (Hill)","P33 OSI",271384,214939,233,,"u423","tbc",1,".055","N 713 149",
"Bullhill","OSI",279000,202600,174,,"u424",,,".055","N 790 026",
"Loughmore Upper","OSI",288100,198800,262,,"u425",,,".055","S 881 262",
"Mullacash Hill","OSI",288800,213700,171,,"u426",,,".055","N 888 137",
"Church Mountain","OSI",294800,201200,544,,"u427",,,".056","N 948 012",
"Slieveroe","OSI",295300,214200,332,,"u428",,,".056","N 953 142",
"Lugnaquillia","P39 OSI",303209,191777,925,,"u429","tbc",1,".056","T 032 917",
"Mullaghcleevaun","OSI",306800,207100,849,,"u430",,,".056","O 068 071",
"Seahan","OSI",308100,219700,648,,"u431",,,".056","O 081 197",
"Tonelagee","OSI",308500,201600,817,,"u432",,,".056","O 085 016",
"Kirikee Mountain","OSI",313900,191100,474,,"u433",,,".056","T 139 911",
"Prince William's Seat","OSI",317700,218400,555,,"u434",,,".056","O 177 184",
"Djouce Mountain","OSI",317800,210300,725,,"u435",,,".056","O 178 103",
"Ballinacorbeg","OSI",318400,200200,336,,"u436",,,".056","O 184 002",
"Carrick Mountain","OSI",323200,194000,381,,"u437",,,".056","T 232 940",
"Dunranhill","OSI",326200,202200,342,,"u438",,,".056","O 262 022",
"Ballynamuddagh","OSI",328200,215800,240,,"u439",,,".056","O 282 158",
"Brides Hill","OSI",333800,192700,82,,"u440",,,".056","T 338 927",
"Drumellihy Hill","OSI",102500,164300,92,,"u441",,,".057","R 025 643",
"Spanish Point","OSI",103700,177600,"H",,"u442",,,".057","R 037 776",
"Mullagh","OSI",104400,172500,81,,"u443",,,".057","R 044 725",
"Gortaheera","OSI",110000,169000,175,,"u444",,,".057","R 100 690",
"Slieve Callan","P36 OSI",114422,177338,391,,"u445","NoFB",1,".057","R 144 773",
"Ben Dash","OSI",121100,171100,267,,"u446",,,".057","R 211 711",
"Carrownagarraun","OSI",125200,189500,189,,"u447",,,".057","R 252 895",
"Cloughhaknorcamush","OSI",126400,170000,151,,"u448",,,".057","R 264 700",
"Cooga","OSI",126800,161500,103,,"u449",,,".057","R 268 615",
"Deroolagh","OSI",127200,182800,190,,"u450",,,".057","R 272 828",
"Tullagh","OSI",128900,177100,145,,"u451",,,".057","R 289 771",
"Coney Island","OSI",132600,162800,59,,"u452",,,".058","R 326 628",
"Ennis","OSI",133900,177500,30,,"u453",,,".058","R 339 775",
"Mooghaun South","OSI",140700,170500,79,,"u454",,,".058","R 407 705",
"Bunratty East","OSI",144600,161900,60,,"u455",,,".058","R 446 619",
"Caher","OSI",146000,187900,250,,"u456",,,".058","R 460 879",
"Deerpark South","OSI",147100,173800,101,,"u457",,,".058","R 471 738",
"Knockadoon","OSI",149700,178800,93,,"u458",,,".058","R 497 788",
"Woodcock Hill","OSI",152200,163400,310,,"u459",,,".058","R 522 634",
"Knockanuarha","OSI",153300,169800,309,,"u460",,,".058","R 533 698",
"Ballycar South","OSI",155800,164000,255,,"u461",,,".058","R 558 640",
"Cloongaheen","OSI",159700,174600,335,,"u462",,,".058","R 597 746",
"Cragnamurragh","OSI",162800,174900,526,,"u463",,,".058","R 628 749",
"Cappakee","OSI",163200,166400,149,,"u464",,,".058","R 632 664",
"Doonass","OSI",164300,163000,60,,"u465",,,".058","R 643 630",
"Gortybrigane","OSI",172000,168400,147,,"u466",,,".059","R 720 684",
"Tountinna","OSI",173654,177158,450,,"u466.2",,,".059","R 736 771","O Q U Z"
"Knockmeale","OSI",177400,169200,235,,"u467",,,".059","R 774 692",
"Keeper (Hill)","P37 OSI",182395,166701,694,,"u468","tbc",1,".059","R 823 667",
"Knigh Hill","OSI",185200,185800,133,,"u469",,,".059","R 852 858",
"Mauherslieve","OSI",187300,161900,543,,"u470",,,".059","R 873 619",
"Sgreggaun","OSI",193100,184900,182,,"u471",,,".059","R 931 849",
"Knockadigeen Hill","OSI",193500,170800,402,,"u472",,,".059","R 935 708",
"Knockanora","OSI",201000,171100,433,,"u473",,,".059","S 010 711",
"Devilsbit Mountain","OSI",205800,174400,480,,"u474","NoFB",,".059","S 058 744",
"Ballymoheen","OSI",209000,183300,236,,"u475",,,".059","S 090 833",
"Black Hill","OSI",216000,182700,228,,"u476",,,".060","S 160 827",
"Tullow Hill","OSI",219600,172000,162,,"u477",,,".060","S 196 720",
"Knockseera","OSI",227500,185800,187,,"u478",,,".060","S 275 858",
"Killoshulan","OSI",233200,165400,349,,"u479",,,".060","S 332 654",
"Gortnaclea","OSI",236800,186100,155,,"u480",,,".060","S 368 861",
"The Ballagh","OSI",240500,174900,253,,"u481",,,".060","S 405 749",
"Cromwell's Road","OSI",247400,176200,313,,"u482",,,".060","S 474 762",
"Cuillenagh (Mountain)","P38 OSI",249858,189562,317,,"u483","tbc",1,".060","S 498 895",
"Brennanshill","OSI",257100,186600,326,,"u484",,,".061","S 571 866",
"Mountnugent","OSI",257600,163600,334,,"u485",,,".061","S 576 636",
"Lackan","OSI",264100,163300,302,,"u486",,,".061","S 641 633",
"Rossmore","OSI",266800,174000,336,,"u487",,,".061","S 668 740",
"Mullaghreelan","OSI",275800,187700,140,,"u488",,,".061","S 758 877",
"Knockbower","OSI",276200,168600,195,,"u489",,,".061","S 762 686",
"Knockbarragh","OSI",286000,161500,215,,"u490",,,".061","S 860 615",
"Tullow Hill","OSI",286500,173200,135,,"u491",,,".061","S 865 732",
"Pinnacle","OSI",288500,189200,382,,"u492",,,".061","S 885 892",
"Aghowle Upper","OSI",294500,168200,420,,"u493",,,".062","S 945 682",
"Keadeen Hill","OSI",295300,189700,653,,"u494",,,".062","S 953 897",
"Eagle Hill","OSI",297100,179000,296,,"u495",,,".062","S 971 790",
"Ballynamanoge","OSI",302700,175800,431,,"u496",,,".062","T 027 758",
"Castletimon","OSI",303800,186600,238,,"u497",,,".062","T 038 866",
"Hillbrook Upper","OSI",305000,166300,323,,"u498",,,".062","T 050 663",
"Ballycreen (Croaghanmoira Moun","OSI",309900,186500,664,,"u499",,,".062","T 099 865",
"Croghan","OSI",313000,172800,606,,"u500",,,".062","T 130 728",
"Laraheenhill","OSI",313800,164800,243,,"u501",,,".062","T 138 648",
"Killeagh","OSI",318000,180800,249,,"u502",,,".062","T 180 808",
"Tara (Tara Hill)","OSI",320500,162300,253,,"u503",,,".062","T 205 623",
"Kilmacoo","OSI",321900,184200,255,,"u504",,,".062","T 219 842",
"Arklow Rock","OSI",324800,170200,125,,"u505",,,".062","T 248 702",
"Ballymoyle (Glenteige)","OSI",325600,179000,280,,"u506",,,".062","T 256 790",
"Mizen Head","OSI",330400,180200,14,,"u507",,,".062","T 304 802",
"Loop Head","OSI",70900,148500,78,,"u508",,,".063","Q 709 485",
"Maulin Mountain","OSI",73100,130400,215,,"u509",,,".063","Q 731 304",
"Rehy Hill","OSI",80000,148400,116,,"u510",,,".063","Q 800 484",
"Oldtown","OSI",81400,155000,127,,"u511",,,".063","Q 814 550",
"Ballinglanna","OSI",81700,132000,77,,"u512",,,".063","Q 817 320",
"Coosheen","OSI",89700,162400,102,,"u513",,,".063","Q 897 624",
"Knockanore Mountain","OSI",91000,142500,267,,"u514",,,".063","Q 910 425",
"Shanganagh","OSI",93300,155200,66,,"u515",,,".063","Q 933 552",
"Doonmore","OSI",94300,165700,53,,"u516",,,".063","Q 943 657",
"Slievecahill","OSI",99100,131900,99,,"u517",,,".063","Q 991 319",
"Ballyurra","OSI",99500,156200,63,,"u518",,,".063","Q 995 562",
"Knockane","OSI",100500,136800,94,,"u519",,,".064","R 005 368",
"Glansillagh","OSI",102800,146400,67,,"u520",,,".064","R 028 464",
"Molougha","OSI",104900,154500,69,,"u521",,,".064","R 049 545",
"Tullycreen Lower","OSI",110300,158500,66,,"u522",,,".064","R 103 585",
"Knockathea","OSI",110800,133700,243,,"u523",,,".064","R 108 337",
"Glenagragara","OSI",113700,141400,243,,"u524",,,".064","R 137 414",
"Prospect Hill","OSI",116700,147500,136,,"u525",,,".064","R 167 475",
"Moyfadda","OSI",117800,155500,97,,"u526",,,".064","R 178 555",
"Moyreen","OSI",121500,143600,129,,"u527",,,".064","R 215 436",
"Knockanimpuha","OSI",121600,134500,344,,"u528",,,".064","R 216 345",
"Knockpatrick","OSI",124500,149700,172,,"u529",,,".064","R 245 497",
"Glenstar","OSI",125700,139400,242,,"u530",,,".064","R 257 394",
"Knockaderly","OSI",134400,135400,128,,"u531",,,".064","R 344 354",
"Ballyhibbin","OSI",137500,147200,68,,"u532",,,".064","R 375 472",
"Newtown","OSI",138400,154300,41,,"u533",,,".064","R 384 543",
"Ballyea","OSI",139100,136100,214,,"u534",,,".064","R 391 361",
"Court","OSI",147300,152200,26,,"u535",,,".064","R 473 522",
"Briska","OSI",150200,151800,40,,"u536",,,".065","R 502 518",
"Corronoher","P43 OSI",140989,131064,273,,"u537","tbc",1,".065","R 409 310",
"Cloonnagalleen","OSI",142300,151100,76,,"u538",,,".065","R 423 511",
"Knockfeerina","OSI",145100,136100,288,,"u539",,,".065","R 451 361",
"Kilfinny","OSI",146000,139700,73,,"u540",,,".065","R 460 397",
"Carrig East","OSI",150100,156000,50,,"u541",,,".065","R 501 560",
"Tullovin","OSI",153200,139000,76,,"u542",,,".065","R 532 390",
"Knocktwo","OSI",158700,133900,105,,"u543",,,".065","R 587 339",
"Fedamore","OSI",158800,144200,99,,"u544",,,".065","R 588 442",
"Knockfea","OSI",161300,149500,119,,"u545",,,".065","R 613 495",
"Knockroe","OSI",166000,147600,204,,"u546",,,".065","R 660 476",
"Knockbrack","OSI",167400,158800,81,,"u547",,,".065","R 674 588",
"Knockainy","OSI",167700,136400,162,,"u548",,,".065","R 677 364",
"Knocklong","OSI",172300,130700,164,,"u549",,,".065","R 723 307",
"Knockseefin","OSI",175400,145000,225,,"u550",,,".065","R 754 450",
"Kilduffahoo","OSI",178600,156300,383,,"u551",,,".065","R 786 563",
"Knockouragh","OSI",183300,147200,116,,"u552",,,".066","R 833 472",
"Slievenamuck","OSI",184200,130500,369,,"u553",,,".066","R 842 305",
"Solloghodbeg Hill","OSI",188900,139900,134,,"u554",,,".066","R 889 399",
"Foildarg","OSI",189600,151100,440,,"u555",,,".066","R 896 511",
"Glencarbry","OSI",194200,152500,433,,"u556",,,".066","R 942 525",
"Knockballynoe","OSI",194200,136000,127,,"u557",,,".066","R 942 360",
"Knockalough","OSI",198200,158400,427,,"u558",,,".066","R 982 584",
"Graigue","OSI",208800,168300,138,,"u559",,,".066","S 088 683",
"Killough Hill","OSI",211100,150900,235,,"u560",,,".066","S 111 509",
"Graigue","OSI",212100,132000,138,,"u561",,,".066","S 121 320",
"Kill Hill","OSI",214600,143300,241,,"u562",,,".066","S 146 433",
"Slievenamon","OSI",229700,130700,721,,"u563",,,".067","S 297 307",
"Boggan","P44 OSI",232972,157038,339,,"u564","tbc",1,".067","S 329 570",
"Castlegannon","OSI",255200,130700,175,,"u565",,,".067","S 552 307",
"Kilvinoge","OSI",258500,133300,249,,"u566",,,".067","S 585 333",
"Coppenagh","OSI",265100,143400,365,,"u567",,,".068","S 651 434",
"Brandon Hill","OSI",269700,140200,515,,"u568",,,".068","S 697 402",
"Lorum","OSI",272900,157000,158,,"u569",,,".068","S 729 570",
"Knockmore","OSI",277600,149600,228,,"u570",,,".068","S 776 496",
"Bran Scultair","OSI",278500,140000,504,,"u571",,,".068","S 785 400",
"Mount Leinster","P45 OSI",282635,152537,795,,"u572","Hotine",1,".068","S 826 525","noFB"
"Tominearly","OSI",285300,132900,166,,"u573",,,".068","S 853 329",
"Rathnure","OSI",291000,138000,107,,"u574",,,".068","S 910 380",
"Kilcullen","OSI",291600,149100,218,,"u575",,,".068","S 916 491",
"Raheenahoon Hill","OSI",291600,130500,152,,"u576",,,".068","S 916 305",
"Gibbet Hill","OSI",294600,159100,315,,"u577",,,".068","S 946 591",
"Coolteige Hill","OSI",296200,133900,74,,"u578",,,".068","S 962 339",
"Coolteige","OSI",296300,133800,74,,"u579",,,".068","S 963 338",
"Vinegar Hill","OSI",298300,139800,118,,"u580",,,".068","S 983 398",
"Ballymurn","OSI",303900,133100,101,,"u581",,,".069","T 039 331",
"Ballydonigan","OSI",304100,144800,137,,"u582",,,".069","T 041 448",
"Oulart Hill","OSI",308600,141600,179,,"u583",,,".069","T 086 416",
"Carrigroe","P46 OSI",309295,149765,234,,"u584","tbc",1,".069","T 092 497",
"Ballinrooaun","OSI",310000,130300,101,,"u585",,,".069","T 100 303",
"Moneylawn Upper","OSI",312600,157700,175,,"u586",,,".069","T 126 577",
"Ballynamona","OSI",316200,138100,73,,"u587",,,".069","T 162 381",
"Raheen Beg","OSI",316900,149000,69,,"u588",,,".069","T 169 490",
"Seamount","OSI",320000,155500,31,,"u589",,,".069","T 200 555",
"Cahore Point","OSI",322300,147300,35,,"u590",,,".069","T 223 473",
"Lateevemore","OSI",40000,103400,318,,"u591",,,".070","Q 400 034",
"Brandon (Mountain)","OSI",46000,111600,952,,"u592",,,".070","Q 460 116",
"An Cnapan Mor","OSI",52200,104500,649,,"u593",,,".070","Q 522 045",
"Acres","OSI",57200,99800,286,,"u594",,,".070","V 572 998",
"Beenoskee","OSI",58000,108800,826,,"u595",,,".070","Q 580 088","R"
"Mount Eagle","OSI",109300,110300,431,,"u596",,,".070","R 093 103",
"Croaghmore","OSI",24600,95700,292,,"u597",,,".070","V 246 957",
"Doonties Commons","OSI",50200,98700,252,,"u598",,,".070","V 502 987",
"Barrow","OSI",74300,118700,44,,"u599",,,".071","Q 743 187",
"Baurtregaum","P42 OSI",74983,107664,851,,"u600","Hotine",1,".071","Q 749 076",
"Knockaclogher","OSI",80800,118100,106,,"u601",,,".071","Q 808 181",
"Kilbrickane","OSI",84100,125500,37,,"u602",,,".071","Q 841 255",
"Knockawaddra","OSI",85300,108300,342,,"u603",,,".071","Q 853 083",
"Crusline","OSI",89700,118800,355,,"u604",,,".071","Q 897 188",
"Lissataggle","OSI",92100,108300,88,,"u605",,,".071","Q 921 083",
"Banemore","OSI",95300,124700,272,,"u606",,,".071","Q 953 247",
"Knight's Mountain","OSI",98500,115100,333,,"u607",,,".071","Q 985 151",
"Cloghboola","OSI",102100,121300,307,,"u608",,,".072","R 021 213",
"Derk","OSI",105500,125700,259,,"u609",,,".072","R 055 257",
"Barna","OSI",110500,102200,321,,"u610",,,".072","R 105 022",
"Abbeyfeale East","OSI",112400,124200,244,,"u611",,,".072","R 124 242",
"Barrymurragh East","OSI",123100,129400,289,,"u612",,,".072","R 231 294",
"Rock hill","OSI",123800,118900,390,,"u613",,,".072","R 238 189",
"Knockacummer","OSI",125500,113300,408,,"u614",,,".072","R 255 133",
"Mullaghanuish","OSI",127600,122400,361,,"u615",,,".072","R 276 224",
"Scarteen Upper","OSI",130700,109000,265,,"u616",,,".072","R 307 090",
"Taur","OSI",132100,110100,405,,"u617",,,".072","R 321 101",
"Killinane","OSI",132700,100100,173,,"u618",,,".072","R 327 001",
"Knockskavane","OSI",133200,114400,282,,"u619",,,".072","R 332 144",
"Mayne","OSI",135000,129200,89,,"u620",,,".072","R 350 292",
"Delliga","OSI",140400,112500,166,,"u621",,,".073","R 404 125",
"Kilberrihert","OSI",141500,112500,246,,"u622",,,".073","R 415 125",
"Killabraher South","OSI",146600,117200,191,,"u623",,,".073","R 466 172",
"Gurteenroe Commons","OSI",147600,110200,198,,"u624",,,".073","R 476 102",
"Barna","OSI",148200,121100,167,,"u625",,,".073","R 482 211",
"Ballyteige Upper","OSI",151000,129600,125,,"u626",,,".073","R 510 296",
"Knockbarry","OSI",153200,108000,135,,"u627",,,".073","R 532 080",
"Charleville","OSI",153900,123200,125,,"u628",,,".073","R 539 232",
"Knocknatallig","OSI",157800,116600,363,,"u629",,,".073","R 578 166",
"Seefin Mountain","OSI",164400,118000,528,,"u630",,,".073","R 644 180",
"Ballyhourode","OSI",164600,108500,115,,"u631",,,".073","R 646 085",
"Carrigeenamroney","OSI",170000,116000,401,,"u632",,,".073","R 700 160",
"Lackabrack","OSI",170500,106000,98,,"u633",,,".073","R 705 060",
"The Pinnacle","OSI",172500,125200,465,,"u634",,,".073","R 725 252",
"Ballyarthur Hill","OSI",178900,117700,355,,"u635",,,".073","R 789 177",
"Glenatlucky Mountain","OSI",183300,108900,283,,"u636",,,".074","R 833 089",
"Temple Hill","OSI",183300,121800,785,,"u637",,,".074","R 833 218",
"Galtymore (Dawson's Table)","OSI",187800,123800,919,,"u638",,,".074","R 878 238",
"Greenane","OSI",192500,123900,802,,"u639",,,".074","R 925 239",
"Barranafaddock","OSI",194200,103600,323,,"u640",,,".074","R 942 036",
"Knockshanahullion","OSI",199900,110400,652,,"u641",,,".074","R 999 104",
"Slieveanard","OSI",200500,126400,449,,"u642",,,".074","S 005 264",
"Knockmealdown","P50 OSI",203799,108409,794,,"u643","tbc",1,".074","S 057 084",
"Crow Hill","OSI",211500,104000,304,,"u644",,,".074","S 115 040",
"Giantsgrave","OSI",218100,125900,118,,"u645",,,".074","S 181 259",
"Eaglehill","OSI",219600,102200,185,,"u646",,,".074","S 196 022",
"Lachtnafrankee","OSI",223500,118100,520,,"u647",,,".075","S 235 181",
"Crohaun","OSI",227500,100500,484,,"u648",,,".075","S 275 005",
"Seefin","OSI",227400,106800,726,,"u649","map 88",,".075","S 274 068",
"Knocksheegowna","OSI",227700,116500,678,,"u650",,,".075","S 277 165",
"Poulboy","OSI",234400,120900,200,,"u651",,,".075","S 344 209",
"Carrickarea","OSI",235400,101000,122,,"u652",,,".075","S 354 010",
"Crohaun Hill","OSI",237900,111000,391,,"u653",,,".075","S 379 110",
"Garranturton","OSI",239000,101700,111,,"u654",,,".075","S 390 017",
"Carrickfeneagh","OSI",241800,120000,174,,"u655",,,".075","S 418 200",
"Kilmacoliver Hill","OSI",243100,128200,261,,"u656",,,".075","S 431 282",
"Slievenamona","OSI",245000,105600,164,,"u657",,,".075","S 450 056",
"Donnell's Hill","OSI",245200,213500,249,,"u658",,,".075","S 452 135",
"Castlecraddock","OSI",247900,202700,107,,"u659",,,".075","S 479 027",
"Carricktriss (Mullenbeg)","P51 OSI",248308,129101,314,,"U660","tbc",1,".075","S 483 291",
"Monavinnaun","OSI",251400,123800,271,,"u661",,,".075","S 514 238",
"Corluddy","OSI",253400,112400,85,,"u662",,,".075","S 534 124",
"Ballyscanlan Hills","OSI",254600,102600,148,,"u663",,,".075","S 546 026",
"Sugar Loaf Rock","OSI",256600,106700,90,,"u664",,,".075","S 566 067",
"Tory Hill","OSI",259500,122100,292,,"u665",,,".075","S 595 221",
"Westtown","OSI",255900,99200,70,,"u666",,,".076","X 559 992",
"Mountsion","OSI",260300,113300,18,,"u667",,,".076","S 603 133",
"Corbally More","OSI",263500,99500,62,,"u668",,,".076","X 635 995",
"Carriganurra","OSI",264600,117500,134,,"u669",,,".076","S 646 175",
"Rahora","OSI",265000,128400,245,,"u670",,,".076","S 650 284",
"Baile an Aighleartaigh","OSI",266200,121200,136,,"u671",,,".076","S 662 212",
"Carrigaderragh (Kilmacomb Hill","P57 OSI",267812,104327,131,,"u672","tbc",1,".076","S 678 043",
"Coxtown","OSI",267800,99900,70,,"u673",,,".076","X 678 999",
"Kilcullen Upper","OSI",268400,111400,97,,"u674",,,".076","S 684 114",
"Slievecoiltia","OSI",272800,121300,270,,"u675",,,".076","S 728 213",
"Churchtown","OSI",273800,98700,16,,"u676",,,".076","X 738 987",
"Coole","OSI",274800,114800,77,,"u677",,,".076","S 748 148",
"Broomhill","OSI",275100,104800,66,,"u678",,,".076","S 751 048",
"Lacken","OSI",275900,128100,193,,"u679",,,".076","S 759 281",
"Ballygarrett","OSI",279100,109200,43,,"u680",,,".076","S 791 092",
"Baginbun Head","OSI",279900,102900,34,,"u681",,,".076","S 799 029",
"Kayle","OSI",280800,119000,76,,"u682",,,".076","S 808 190",
"Carrickbyrne Hill","OSI",283000,124900,234,,"u683",,,".076","S 830 249",
"Ardenagh","OSI",289300,116900,64,,"u684",,,".077","S 893 169",
"Craigue Little","OSI",289500,109400,31,,"u685",,,".077","S 895 094",
"Wilkinstown","OSI",292500,125300,127,,"u686",,,".077","S 925 253",
"Saltee Island Great (An Sailte","OSI",294500,96300,58,,"u687",,,".077","X 945 963",
"Forth Mountain","OSI",298000,119200,237,,"u688",,,".077","S 980 192",
"Tullabards","OSI",299700,107800,35,,"u689",,,".077","S 997 078",
"Slieveboy","OSI",302271,157150,422,,"u689.2",,,".069","T 022 571","Q  R"
"Mulgannon (Wexford)","OSI",304700,119800,74,,"u690",,,".077","T 047 198",
"Saint Vogues (Carnsore Point)","OSI",311900,103900,15,,"u691",,,".077","T 119 039",
"Greenore Point (Rinn na Binne)","OSI",315000,111100,22,,"u692",,,".077","T 150 111",
"Mount Eagle","OSI",33463,98946,513,,"u692.2",,,".070","V 334 989","Q"
"Seefin","OSI",68800,89900,493,,"u693",,,".078","V 688 899",
"Mullaghanattin","OSI",73900,77200,773,,"u694",,,".078","V 739 772",
"Knockyline","OSI",76500,97300,71,,"u695",,,".078","V 765 973",
"Carrauntoohil","OSI",80300,84400,1039,,"u696",,,".078","V 803 844",
"Peakeen Mountain","OSI",90300,76500,555,,"u697",,,".078","V 903 765",
"Mangerton Mountain","OSI",98000,80700,839,,"u698",,,".078","V 980 807",
"Knockataggle More","OSI",112500,98100,330,,"u699",,,".079","W 016 981",
"The Paps","OSI",112500,85500,690,,"u700",,,".079","W 125 855",
"Mweelin","OSI",112900,71700,487,,"u701",,,".079","W 129 717",
"Caherbarnagh","P48 OSI",119173,87157,682,,"u702","tbc",1,".079","W 191 871",
"Mullaghanish","OSI",121400,81700,649,,"u703",,,".079","W 214 817",
"Burren","OSI",123200,163300,167,,"u704",,,".079","R 232 633",
"Claragh Mountain","OSI",125000,89000,452,,"u705",,,".079","W 250 890",
"Kilnamartery","OSI",126500,72100,226,,"u706",,,".079","W 265 721",
"Musheramore","OSI",132900,85000,644,,"u707",,,".079","W 329 850",
"Burren","OSI",137700,78900,380,,"u708",,,".079","W 377 789",
"Knockagreenan","OSI",140200,73800,263,,"u709",,,".080","W 402 738",
"Mount Hilary","OSI",142500,95600,391,,"u710",,,".080","W 425 956",
"Bweengduff","OSI",146800,90300,416,,"u711",,,".080","W 468 903",
"Clontead More","OSI",147400,74600,131,,"u712",,,".080","W 474 746",
"Knockyrourke","OSI",148000,82900,258,,"u713",,,".080","W 480 829",
"Garravagh","OSI",156800,71800,161,,"u714",,,".080","W 568 718",
"Knockaroura","OSI",157200,95900,260,,"u715",,,".080","W 572 959",
"Drominare","OSI",164200,81400,197,,"u716",,,".080","W 642 814",
"Knocknaheeny","OSI",165600,73000,161,,"u717",,,".080","W 656 730",
"Corran","OSI",165700,95700,407,,"u718",,,".080","W 657 957",
"Knocknaskagh (Knocknascagh)","P49 OSI",170339,95037,428,,"u719","tbc",1,".080","W 703 950",
"Ballyharoon","OSI",170800,75100,136,,"u720",,,".080","W 708 751",
"Pouladown","OSI",173700,84000,194,,"u721",,,".080","W 737 840",
"Killahora","OSI",177900,74600,150,,"u722",,,".080","W 779 746",
"Coolquane","OSI",179000,85000,244,,"u723",,,".080","W 790 850",
"Lisheenroe","OSI",179300,79500,197,,"u724",,,".080","W 793 795",
"Carrignafoy","OSI",180300,67300,112,,"u725",,,".081","W 803 673",
"Ballynoe","OSI",180600,95800,219,,"u726",,,".081","W 806 958",
"Ballyleary","OSI",183100,76300,150,,"u727",,,".081","W 831 763",
"Rath Coursey East","OSI",187600,68900,94,,"u728",,,".081","W 876 689",
"Ballydorgan","OSI",189800,97400,177,,"u729",,,".081","W 898 974",
"Slievecorran","OSI",190100,80300,203,,"u730",,,".081","W 901 803",
"Knocknamadderee","OSI",190400,68900,104,,"u731",,,".081","W 904 689",
"Ballynona South","OSI",192300,76400,157,,"u732",,,".081","W 923 764",
"Ballydavid","OSI",192800,64100,88,,"u733",,,".081","W 928 641",
"Knockakeo","OSI",194400,85000,238,,"u734",,,".081","W 944 850",
"Parknahyla","OSI",196000,70300,91,,"u735",,,".081","W 960 703",
"Drishane More","OSI",202000,78800,131,,"u736",,,".081","X 020 788",
"Ballydaniel","OSI",203000,70800,75,,"u737",,,".081","X 030 708",
"Kilwatermoy Mountain","OSI",203100,88800,209,,"u738",,,".081","X 031 888",
"Bridane Upper","OSI",205900,94900,161,,"u739",,,".081","X 059 949",
"Carnglass","OSI",209200,87100,195,,"u740",,,".081","X 092 871",
"Tinnabinna","OSI",210400,81300,102,,"u741",,,".081","X 104 813",
"Slievegrien","P56 OSI",217415,87004,301,,"u742","tbc",1,".082","X 174 870",
"Kilnafarna Hill","OSI",218900,90200,263,,"u743",,,".082","X 189 902",
"Ram Head","OSI",219800,76700,58,,"u744",,,".082","X 198 767",
"Ballylemon Upper","OSI",220400,96700,176,,"u745",,,".082","X 204 967",
"Ahaun Hill","OSI",222700,85100,188,,"u746",,,".082","X 227 851",
"Slieve Grainn","OSI",225700,87800,233,,"u747",,,".082","X 257 878",
"Ballaghavorraga","OSI",231300,96600,143,,"u748",,,".082","X 313 966",
"Stradbally","OSI",237600,97100,75,,"u749",,,".082","X 376 971",
"Whitefield","OSI",251900,98700,72,,"u750",,,".082","X 519 987",
"Bolus","OSI",39900,63500,410,,"u751","OSI Hotine",,".083","V 399 635",
"Knocknadobar","OSI",50600,84500,690,,"u752",,,".083","V 506 845",
"Cahernageeha Mountain","OSI",53900,61300,499,,"u753",,,".083","V 539 613",
"Coomcallee","OSI",59300,68500,675,,"u754",,,".083","V 593 685",
"Drung Hill","OSI",60200,87800,640,,"u755",,,".083","V 602 878",
"Dursey Island","OSI",47200,40300,252,,"u756",,,".084","V 472 403",
"Knockoura","OSI",62100,46200,490,,"u757",,,".084","V 621 462",
"Coomnacloghane","OSI",73200,54800,599,,"u758",,,".084","V 732 548",
"Hungry Hill","P53 OSI",76093,49738,685,,"u759","OSI primary",1,".084","V 760 497",
"Knocknagullion","OSI",76100,69600,413,,"u760",,,".084","V 761 696",
"Coomnadiha","OSI",84800,60000,644,,"u761",,,".085","V 848 600",
"Sugarloaf Mountain","OSI",87300,52900,574,,"u762",,,".085","V 873 529",
"Gortalassa","OSI",92200,44300,223,,"u763",,,".085","V 922 443",
"Knockboy","OSI",100500,62100,706,,"u764",,,".085","W 005 621",
"Knocknaveagh","OSI",101600,47500,284,,"u765","OSI Hotine",,".085","W 016 475",
"Mount Kid","OSI",104000,40500,298,,"u766",,,".085","W 040 405",
"Douce Mountain","OSI",112300,61400,476,,"u767",,,".085","W 123 614",
"Derreenacrinnig","OSI",112800,52000,509,,"u768",,,".085","W 128 520",
"Lahanaght","OSI",116400,45100,223,,"u769",,,".085","W 164 451",
"Carrigarierk","OSI",121100,61700,343,,"u770",,,".085","W 211 617",
"Carrigfadda","P54 OSI",124242,43067,313,,"u771","tbc",1,".086","W 242 430",
"Knockaunnagorp","OSI",128900,63500,251,,"u772",,,".086","W 289 635",
"Moneynacroha","OSI",134100,59800,227,,"u773",,,".086","W 341 598",
"Clearagh","OSI",136200,64500,287,,"u774",,,".086","W 362 645",
"Knocknastooka","OSI",140800,50700,204,,"u775",,,".086","W 408 507",
"Lisnagat","OSI",144000,61600,220,,"u776",,,".086","W 440 616",
"Knockshanawee","OSI",145500,68800,209,,"u777",,,".086","W 455 688",
"Ballynascubig","OSI",155500,48800,155,,"u778",,,".086","W 555 488",
"Mylane","OSI",155600,66200,208,,"u779",,,".086","W 556 662",
"Knockanerable","OSI",157900,56700,144,,"u780",,,".086","W 579 567",
"Downmacpatrick","OSI",162400,40900,88,,"u781",,,".086","W 624 409",
"Tullig More","OSI",163900,63300,161,,"u782",,,".086","W 639 633",
"Knockduff","OSI",166800,49400,97,,"u783",,,".087","W 668 494",
"Doolieve","P55 OSI",168414,59752,184,,"u784","tbc",1,".087","W 684 597",
"Gortigrenane","OSI",176200,57900,154,,"u785",,,".087","W 762 579",
"Knocknamullagh","OSI",174500,67600,131,,"u786",,,".087","W 745 676",
"Mizen Peak","OSI",74500,24600,232,,"u787","OSI pillar",,".088","V 745 246",
"Knockaphuca","OSI",82300,30700,237,,"u788","OSI pillar",,".088","V 823 307",
"Seefin","OSI",82400,39700,345,,"u789","OSI pillar",,".088","V 824 397",
"Mount Gabriel","OSI",93100,34800,407,,"u790",,,".088","V 931 348",
"Clear Island","OSI",97100,22000,160,,"u791",,,".088","V 971 220",
"Knockomagh","OSI",108800,29200,197,,"u792","Bolt in chamber",,".089","W 088 292","bolt"
"Keamore","OSI",119500,37400,189,,"u793",,,".089","W 195 374",
"Corrabally","OSI",136100,36800,134,,"u794",,,".089","W 361 368",
